layer_type,int8_activation_speedup
linear,1.7311183242108583
attention,0.7762093669054676
normalization,0.3956522196340709
activation,0.91875
elementwise,0.024704609416492582
memory,0.8150635963089201
embedding,0.7800095322393955
dropout,1.0
