layer_type,custom_hybrid_speedup
linear,2.8342147683059347
attention,1.3942392397042704
normalization,0.5245181911039174
activation,0.006373969038876691
elementwise,1.8558934435320156
memory,81.02809917355373
embedding,0.8962986144698285
dropout,1.0
